AccountNumber;Country;Name1;City;District;PostalCode;State;Address1;Address2
1011;USA;Sysco Corporation;Cincinnati;;45241;OH;10510 Evendale Dr;
1012;USA;US Foods;Cincinnati;;45246;OH;5445 Spellmire Dr;
1013;USA;Performance Food Group;Cincinnati;;45215;OH;535 Shephred Ave;
1014;USA;McLane Company;Hebron;;41048;KY;3755 Langley Dr;
1015;USA;Gordon Food Services;Cincinnati;;45236;OH;7696 Montgomery Rd;
1016;USA;Atlantic Food Corporation;Cincinnati;;45237;OH;1999 Section Rd;
1017;USA;Premier Food Management;Cincinnati;;45215;OH;100 Lock St;
1018;USA;Tri-County Food Services;Cincinnati;;45241;OH;11371 Williamson Rd,Blue Ash;
1019;USA;Aramark Refreshments;Cincinnati;;45246;OH;4890 Duff Dr;West Chester Township;
1020;USA;Country Fresh Farm Markets;Cincinnati;;45216;OH;8425 Wine St;